pandora_topic_id,topic_term,cnt
TP:2023026,2026 Iran War,522
TP:2030504,Gavin Shulman,98
TP:2022663,David Gass (sportscaster),94
TP:2027596,The Real Housewives of Rhode Island (series),81
TP:2030433,Anti-Weaponization Fund,76
TP:2029521,Aronimink Golf Club,70
TP:2022564,Peter Kash,62
TP:2022701,Doug Tooke,61
TP:2021803,Alan Spector,60
TP:2029991,Alberta Separatism,50
TP:2024882,Raoul Juneja,49
TP:2021203,Violet Grohl,39
TP:2028707,AAA Lucha Libre,35
TP:2028323,Germany men's national football team,34
TP:2021379,Zak Shellabarger,31
TP:2021798,Doyle Jackson,31
TP:2021378,Greg Peterson,30
TP:2030113,Rand Getlin,28
TP:2029933,Sofia The First,28
TP:2028551,In The City (series),27
TP:2022931,John MacDonald,27
TP:2024886,south asian music,26
TP:2030134,Krissy Downey,26
TP:2021720,Alex Freeman (soccer),25
TP:2022338,Andrew Bogusch,24
TP:2028312,Paraguay men's national football team,21
TP:2021406,Karen Tso,20
TP:2023389,Mikel Brown Jr.,20
TP:2021423,Pete Blackburn,20
TP:2029462,Lizzy Rain (wrestler),20
TP:2021407,Julianna Tatelbaum,20
TP:2030977,Julie Van de Kamp,19
TP:2030644,Lucci Vee,19
TP:2030643,Paloma Starr,19
TP:2022926,Mark Jobe,19
TP:2028202,Artemis II,19
TP:2029345,2026 White House Correspondents' Dinner shooting,19
TP:2030645,DS Shin,19
TP:2024256,Rick Ucchino,19
TP:2029516,GENER8ION,18
TP:2029384,Brendan Sorsby,18
TP:2028321,Senegal men's national football team,18
TP:2022239,Rod Arquette,18
TP:2029779,KJ Dillard,17
TP:2029079,The Devil Wears Prada 2,17
TP:2030979,Alex English (comedian),17
TP:2022032,Zaria (wrestler),17
TP:2030108,Mason Rook (wrestler),17
TP:2025191,Isaac Gutierrez,16
TP:2021507,Darryn Peterson,16
TP:2030550,Brigitte Calls Me Baby,16
TP:2030896,Aaron Dujovne,16
TP:2028480,Adele Bertei,16
TP:2030081,Jessica Scarcella-Spanton,16
TP:2030623,John Ippolito (priest),16
TP:2030622,Joseph Haas (priest),16
TP:2030148,Barry Walters,16
TP:2031228,Meghan Sullivan,15
TP:2030379,Sabrina Gunnell,15
TP:2030381,David LiPuma,15
TP:2028322,Belgium men's national football team,15
TP:2022963,Omar Cooper Jr.,15
TP:2021397,Shanna Gray,15
TP:2029832,Gary Brode,15
TP:2030106,Charlane Oliver,15
TP:2030347,Calvin Beisner,14
TP:2031009,Lothar Matthaus,14
TP:2026159,Warren Ballentine,14
TP:2030375,J.T. Ginn,14
TP:2024085,Jadarian Price,14
TP:2030010,Freight Fraud Symposium,13
TP:2031122,autobiography,13
TP:2030167,cost of living,13
TP:2031121,re-wilding,13
TP:2031120,Gina Chick,13
TP:2022483,Darius Acuff Jr.,13
TP:2030410,Kam Hendrix,13
TP:2030973,Marlene Byrne,13
TP:2030432,slush fund,13
TP:2030752,BUILD America 250 Act,13
TP:2030974,John Cuddeback,13
TP:2021409,Kieran Steckley,13
TP:2030453,Andy Greene (music journalist),13
TP:2029075,Alondra Garcia,12
TP:2030816,Ajahnis Charley,12
TP:2030042,Julia Konefal,12
TP:2030111,Mark Machtolf,12
TP:2030193,Joe Kaufman,12
TP:2030817,Mike Poliwoda,12
TP:2030230,Randy Nichols,12
TP:2030716,Mischa Oak,12
TP:2030934,heat pump,12
TP:2030935,Dylan Reibling,12
TP:2024794,Zavier Gozo,12
TP:2030819,Sameera Sullivan,12
TP:2030575,George Gruhn,12
TP:2030715,Chantel Chapman,12
TP:2030112,Jordan Bischel,12
TP:2030231,Tamara Weber,12
TP:2030828,Rip Micheals,12
TP:2030714,Carol Willes,12
TP:2030046,Luis Omar Tapia,12
TP:2030933,military industrial complex,12
TP:2028314,Sweden men's national football team,12
TP:2029034,Mark Lammey,12
TP:2022217,Assata Richards,12
TP:2030276,Wyatt Myskow,11
TP:2030479,Matthew Hild,11
TP:2022022,B vitamins,11
TP:2030109,Naraku,11
TP:2030481,Chapterhouse,11
TP:2030369,Arish Shahab,11
TP:2021561,Michael Menard,11
TP:2030989,Great American Bash,11
TP:2022846,Haley Sacks,11
TP:2030751,Tenroc,11
TP:2030564,Jewish American Heritage Month,11
TP:2030711,Noah Cohen,11
TP:2021041,National Film Board of Canada,11
TP:2031105,Marc St Pierre,11
TP:2031104,Jennifer Kroot,11
TP:2030114,Kellyn Acosta,11
TP:2030750,Kelly McCartney,11
TP:2026926,30,11
TP:2021562,Jordan Metzl,11
TP:2030247,Ronit Novak,11
TP:2022980,property taxes,11
TP:2029807,Tom Scholes,11
TP:2030707,Steven Beschloss,11
TP:2030480,Stephen Patman,11
TP:2031051,DJ Tony Neal,10
TP:2030909,Gillian Goddard,10
TP:2030873,Cal Lee,10
TP:2031020,Fort Valley State University,10
TP:2028308,Australia men's national soccer team,10
TP:2031060,Channel 105,10
TP:2030245,Tommy Fierro,10
TP:2031019,Jackson State University,10
TP:2030422,In The City,10
TP:2030299,David Tanner,10
TP:2029173,Southern Poverty Law Center,10
TP:2031097,Graeme Thomson,10
TP:2031173,Fan Club,10
TP:2031026,Brian Richardson,10
TP:2031174,Carrie Underwood Fan Club,10
TP:2031101,John Aleksandr Melendez,10
TP:2031161,FCW,10
TP:2031099,Kenny Dorham,10
TP:2031021,Rudy Hubbard,10
TP:2031098,Seth Neblett,10
TP:2022792,"Chris Johnson (cornerback, born 2004)",10
TP:2030297,Anna Ruth Riggins,10
TP:2029128,Vivienne Ming,10
TP:2031202,Michael Van Vaerenbergh,10
TP:2030136,Kilian Korth,10
TP:2031100,Robert Pallitto,10
TP:2030135,Steve Aderholt,10
TP:2030217,Sister Miriam,10
TP:2030658,Andrew Bremberg,10
TP:2030054,Bill Tieleman,10
TP:2030712,Anupy Singla,9
TP:2030616,Karen Gerwitz,9
TP:2031207,In Color,9
TP:2030292,Jonathan Alpert,9
TP:2021368,Estradiol,9
TP:2022782,Keaton Wagler,9
TP:2030130,A.J. Ewing,9
TP:2030765,Andrew Hammel,9
TP:2022245,Melissa Trevathan,9
TP:2028538,Stepfanie Tyler,9
TP:2022243,Sissy Goff,9
TP:2028751,Elizabeth Nichols,9
TP:2028310,South Korea men's national football team,9
TP:2030617,Samir Kerbage,9
TP:2028539,Damilare Sonoiki,9
TP:2030606,Dom Shaw,9
TP:2029846,Constantinople,9
TP:2030268,Annina Burns,9
TP:2030267,Runway for Recovery,9
TP:2030872,Nolan Teasley,9
TP:2030117,Matt Drabble (soccer commentator),9
TP:2021096,Yechiel Leiter,9
TP:2030969,Matt Gellene,9
TP:2030038,Santita Jackson,9
TP:2022912,Makai Lemon,9
TP:2030663,Zlatko Hrkac,9
TP:2022244,David Thomas (religious),9
TP:2030455,Alex Morris (journalist),9
TP:2030266,ilium,9
TP:2029053,MLB Collective Bargaining Agreement,9
TP:2030252,Deb Zimmermann,9
TP:2030322,night sweats,9
TP:2030274,recusal,9
TP:2027249,Zach Sokoloff,9
TP:2030122,Andrew Davis (financial analyst),9
TP:2021940,SAVE America Act,8
TP:2031008,Jen Ruiz,8
TP:2026342,David Woo,8
TP:2030594,Nick Butler,8
TP:2030102,Gene Deckerhoff,8
TP:2030954,Sherry Hamby,8
TP:2025650,Dietary Guidelines for Americans,8
TP:2031045,Samantha Citro Alexander,8
TP:2022023,Americans United for Separation of Church and State,8
TP:2030593,Liza Weil,8
TP:2027645,platelets,8
TP:2030871,Colyer Brothers,8
TP:2029874,Martin Perelman,8
TP:2030799,Gary Christian,8
TP:2030199,Clash in Italy,8
TP:2030047,Ariel Posen,8
TP:2030061,Curtis Symonds,8
TP:2030854,Garth Fundis,8
TP:2030222,Andy Tabrizi,8
TP:2025909,Kristian A. Smith,8
TP:2021599,Kelly Dietrich,8
TP:2030555,Dirk Perritt,8
TP:2030581,Leston Lawrence,8
TP:2030226,Sebastian Sanchez,8
TP:2030302,Maria Martin,8
TP:2022204,Scott Burnstein,8
TP:2030582,Royal Canadian Mint,8
TP:2022550,unidentified flying objects,8
TP:2029682,Tyler Turner,8
TP:2028757,Charlisse Leger-Walker,8
TP:2023246,Debra Soh,8
TP:2030827,Georgia Hassarati,8
TP:2030349,Tilly Dillehay,8
TP:2030461,ANNIKA Award,8
TP:2030118,Brooks Laich,8
TP:2030700,Trinity Sunday,8
TP:2024806,Kristoffer Reitan,8
TP:2023603,Gary Christian (sportscaster),8
TP:2030281,Andrew Spar,8
TP:2030573,Insha Rahman,8
TP:2030519,shared experiences,7
TP:2030460,Jaclyn Corin,7
TP:2030856,Jules Boykoff,7
TP:2030579,Brian Mackey,7
TP:2030726,Sandra Brunson,7
TP:2030500,Angelo Dawkins,7
TP:2030286,Heather Matson,7
TP:2031153,Matt Kiatipis,7
TP:2030761,Alex Karnal,7
TP:2031145,evangelization,7
TP:2023699,Kane Parsons,7
TP:2030971,Victoria Burke,7
TP:2031077,Craig Carter,7
TP:2030595,Brian Hamm,7
TP:2029463,Nikkita Lyons (wrestler),7
TP:2029708,Atima Omara,7
TP:2030215,Religious sisters,7
TP:2030105,Leander Schaerlaeckens,7
TP:2031066,tekashi 69,7
TP:2030578,Mark DeLaura,7
TP:2030598,Will Davis,7
TP:2022930,Jeremy Odem,7
TP:2030678,Ray Jay,7
TP:2030762,Brian Kreiter,7
TP:2030240,Tee Sanders,7
TP:2029759,Jill Kargman,7
TP:2030566,International::Caribbean::Trinidadian::Soca,7
TP:2031146,Bill Wack,7
TP:2030275,Pascal Sabino,7
TP:2030282,tofusmell,7
TP:2030218,Sister John Dominic,7
TP:2030187,LJ Benet,7
TP:2030948,Alexie Olivo,7
TP:2031210,Demetrius Fields,7
TP:2030912,"The Hormone Loop: An Empowering Guide to Restoring Hormonal Harmony, from Puberty to Menopause (book)",7
TP:2030626,The Belair Lip Bombs,7
TP:2029556,Diana Maria Riva,7
TP:2030596,Andrew Checketts,7
TP:2030416,Morgan Nagler,7
TP:2025750,Luke Murray,7
TP:2029514,discipline,7
TP:2030392,Bruce Jones,7
TP:2030720,Alexia Putellas,7
TP:2030576,Adam Headley,7
TP:2027283,Bobby Jones,7
TP:2030928,Chris Curry,7
TP:2030034,Erin Boynton,7
TP:2030083,Macario Martinez,7
TP:2030546,Lisa Bradford,7
TP:2030236,xandra,7
TP:2030131,Natalie Alyn Lind,7
TP:2027429,Mia Alario,7
TP:2030947,Kimora Lewis,7
TP:2030208,Hagar Schon Aaronson Shrieve,7
TP:2030214,Ben Williamson,7
TP:2030883,Ranford Champagnie,7
TP:2030657,Ron Placone,7
TP:2030295,Conference Tournament,7
TP:2030946,Raine Michaels,7
TP:2030577,Nick Bova,7
TP:2030702,Magnifica Humanitas,7
TP:2030186,L.J. Benet,7
TP:2030945,Locky Brownlie,7
TP:2030450,Growing Pains (band),7
TP:2030427,Carolina Lumetta,7
TP:2022818,Texas Senate,7
TP:2030531,Brandon Collins [Drunk Black History Host],7
TP:2030525,Milwaukee Metal Fest,7
TP:2029495,Omar Camacho,7
TP:2030949,Rock of Love,7
TP:2030544,Used Equipment Market,7
TP:2030580,Golf Tournament,7
TP:2029746,Taylor Moore (golfer),7
TP:2030285,Allyson Phillips,7
TP:2030296,Sam Weiderhaft,7
TP:2030760,Braidwell,7
TP:2030099,Chris Hegardt,7
TP:2030323,Rupali Sood,6
TP:2030522,Ken Amadi,6
TP:2028821,Vikash Sanyal,6
TP:2031152,Shay Taylor Allen,6
TP:2031171,Ritu Salani,6
TP:2031092,Eric Oermann,6
TP:2023214,Diego Luna (soccer),6
TP:2029572,Rio Grande,6
TP:2030797,Poorna Jagannathan,6
TP:2030916,Miguel Gurwitz,6
TP:2023076,Denzel Boston,6
TP:2023044,sex addiction,6
TP:2025065,perfumes,6
TP:2022557,Casey Cox,6
TP:2030246,Kara Calvert,6
TP:2030284,Karoly Mirnics,6
TP:2030261,Houndmouth,6
TP:2030497,Darryl Newhouse,6
TP:2022197,Black Love Day,6
TP:2030164,National Nurses Week,6
TP:2031115,Alexander Vesely-Frankl,6
TP:2028472,Christian John Wikane,6
TP:2030184,Neil Vasan,6
TP:2030600,Kieron Moore,6
TP:2022141,Ron Eller,6
TP:2030160,Rathna Sharad,6
TP:2030165,Alison Kuhn,6
TP:2030319,Cliff O’Callahan,6
TP:2030814,teen takeovers,6
TP:2022924,Clostridioides difficile infection,6
TP:2031170,Shunji Nagai,6
TP:2028839,Adriana Gonzalez,6
TP:2030127,James Percival,6
TP:2026575,Eggy (band),6
TP:2029704,Boy Throb,6
TP:2022915,Natalie Azar,6
TP:2030507,Jeff Mangan,6
TP:2030158,Ian Cattell,6
TP:2030163,relaxation,6
TP:2024677,Jennifer Mensik Kennedy,6
TP:2031034,vision health,6
TP:2030317,Mark George,6
TP:2030409,Tristan Angels,6
TP:2031088,Stephen Rademaker,6
TP:2030833,Vivian Topping,6
TP:2031165,Christopher Gardner,6
TP:2028923,Davis Martin,6
TP:2030840,Chloe Howard,6
TP:2029541,Emma Thynn,6
TP:2021781,Metropolitan Transportation Authority,6
TP:2031089,Ceptemba,6
TP:2022320,coronary CT calcium scans,6
TP:2021303,Michelle Connell,6
TP:2030026,Brooke Tuttle,6
TP:2030718,Saint Peter's Basilica,6
TP:2030172,Rebecca Dougherty,6
TP:2030710,Charon Bandayrel,6
TP:2030693,Chapter 11,6
TP:2030780,Brian Owsley,6
TP:2030320,Joseph Dzierzewski,6
TP:2030604,Tracie Thoms,6
TP:2029433,radiation oncologists,6
TP:2030972,Katie Cottle,6
TP:2030180,Shaylyn Cochran,6
TP:2031046,Reid Faylor,6
TP:2030506,Karl Rhoads,6
TP:2024789,Mark-Francis Vandelli,6
TP:2031087,Curtis Bradley,6
TP:2030495,Matt Bragman,6
TP:2022992,Dominic Patten,6
TP:2030998,The Olympics,6
TP:2030311,Sara James Ramos,6
TP:2031220,Karmelo Anthony Trial,6
TP:2031219,Ken Boehlke,6
TP:2030496,Lilly Kam,6
TP:2030885,Mike Ethridge,6
TP:2030265,Shafia Zaloom,6
TP:2030815,Reagan Dugan,6
TP:2030687,Gage Jump,6
TP:2030771,David Ilku,6
TP:2030498,i.am Angel,6
TP:2030770,Nora Burns,6
TP:2030025,Chas Wurster,6
TP:2029903,authenticity,6
TP:2030011,Hooman Yazhari,6
TP:2029672,Louis Lavelle,5
TP:2029968,Tony Brothers,5
TP:2030560,Wildcat (movie),5
TP:2031015,Judy Tsafrir,5
TP:2030532,Leandria Johnson,5
TP:2030968,NateTaylorr,5
TP:2030863,First Tee,5
TP:2030574,Marcus Ingvartsen,5
TP:2031106,Cassie and Maggie,5
TP:2030775,Ellen Tillapaugh,5
TP:2031107,Darcy Scott,5
TP:2030903,Calabasas Confidential,5
TP:2031197,tone,5
TP:2030924,Ashish Saxena,5
TP:2031201,Spirit Juice Media,5
TP:2024040,Byron Dyess,5
TP:2031002,Angel Rich,5
TP:2031199,Donatism,5
TP:2031167,Brian Topp,5
TP:2031198,Council of Carthage,5
TP:2030950,John P. Caughlin,5
TP:2031172,Home Sale Gain Exclusion,5
TP:2030325,Spencer West,5
TP:2031200,Pope Marcellinus,5
TP:2030876,Aaron Volpatti,5
TP:2026573,Phelim Kine,5
TP:2024669,comorbidities,5
TP:2030660,Michael Wise,5
TP:2030925,Maria Delgado-Lelievre,5
TP:2030936,deception,5
TP:2031162,Shaymon Spencer,5
TP:2030756,Alonso Munoz,5
TP:2028307,Egypt men's national football team,5
TP:2031096,Gizelle Wray,5
TP:2027689,Liz McGraw,5
TP:2021652,joint pain,5
TP:2030755,Ann-Renée Desbiens,5
TP:2031166,Nat Frum,5
TP:2030754,Danielle Crittenden Frum,5
TP:2022544,Bret Hedican,5
TP:2031232,truck weight,5
TP:2031157,Ericka Hart,5
TP:2030682,Monica Toft,5
TP:2030988,Chris Barker,5
TP:2031177,Krista Tanner,5
TP:2030953,Richard B. Slatcher,5
TP:2030824,250 Bill,5
TP:2030028,Dylan Wint,5
TP:2031169,Eric Antonen,5
TP:2023015,Rosemari Mealy,5
TP:2028732,meniscus tears,5
TP:2030938,Richard Baumgart,5
TP:2030930,Constanza Romero Wilson,5
TP:2030260,Ashley Santoro,5
TP:2030980,Colton Swan,5
TP:2030526,Nicole Locklin,5
TP:2028292,Qatar men's national football team,5
TP:2030937,white collar crimes,5
TP:2028628,The Planetary Society,5
TP:2030865,Ashley Nicks,5
TP:2030457,Rami Elghandour,5
TP:2029191,Julian Abrams,5
TP:2030668,Mary Ackenbom,5
TP:2026993,Ally Triolo,5
TP:2031188,Stop! That! Train!,5
TP:2021787,Yahoo Sports,5
TP:2030426,Lisa Kerney,5
TP:2031012,craps,5
TP:2030182,Christopher Wilson,5
TP:2030195,Julie Margetta Morgan,5
TP:2030200,John Rakolta,5
TP:2030327,Matthew T. Hartshorne,5
TP:2029865,Jacob Gutierrez,5
TP:2031164,Josh Sciba,5
TP:2030850,Dominic Catalano,5
TP:2030952,Ebony Dix,5
TP:2028958,The Comeback (series),5
TP:2030366,Emanuel Nobel,5
TP:2030331,James Owen,5
TP:2030438,Oren Cohen,5
TP:2030528,Nate Ryan,5
TP:2030202,William Paul,5
TP:2028474,Ian Bailey,5
TP:2030723,Rachel Gilman,5
TP:2028629,Jack Kiraly,5
TP:2030515,Mark Ware,5
TP:2031176,Emily Blumberg,5
TP:2030333,Stephen Brasher,5
TP:2030178,Welcome To Our Nightmare,5
TP:2030181,Mandana Mahmoudi,5
TP:2030721,Henry Abraham,5
TP:2028359,Joy Clark,5
TP:2030880,Breezy,5
TP:2030901,Suede Brooks,5
TP:2030776,Bryan Calvo,5
TP:2031168,Eva Michalakis,5
TP:2030708,Graham McDougall,5
TP:2021177,Thomas Lukaszuk,5
TP:2030848,tending,5
TP:2030430,Raye Zaragoza,5
TP:2031003,Lindsey Bahr,5
TP:2030171,Maya Penn,5
TP:2030866,Brian Schorsten,5
TP:2030864,Jim Gormley,5
TP:2030224,Aziz Abu Sarah,5
TP:2022395,intercessions,5
TP:2031061,Nathan Vanderklippe,5
TP:2030900,Jodie Woods,5
TP:2030313,Palm Beach,5
TP:2028186,Tiffany Crutcher,5
TP:2030958,Anu Bajaj,5
TP:2030556,Julia Terruso,5
TP:2030976,Los Dos De Tamaulipas,5
TP:2030727,MJ Corey,5
TP:2030888,Deron Johnston,5
TP:2028795,grafting (surgery),5
TP:2030058,Nicholas Lemme,5
TP:2030332,Chris Carter (Sports Journalist),5
TP:2030793,Rebels Opera,5
TP:2030914,cliche,5
TP:2030983,Phil Wall,5
TP:2030667,Jocelyn J. Fitzgerald,5
TP:2030677,David Bernholt,5
TP:2030561,Cory Pyke,5
TP:2030879,Dave Zangaro,5
TP:2030080,butter,5
TP:2030923,jeffrey smith (diffrerent guy.  tried to put his stuff in but won't accept),5
TP:2030590,Tim Hortons,5
TP:2030326,Nyarai Mushonga,5
TP:2030877,Deryk Engelland,5
TP:2031213,Peter Dornisch,5
TP:2030794,The Virginmarys,5
TP:2022423,Genesis Invitational,5
TP:2029739,esophageal cancer,5
TP:2030610,Ken Boessenkool,5
TP:2030951,Diane Button,5
TP:2029771,Katharine Wilkinson,5
TP:2030960,Paul Janeway,5
TP:2030396,William Bernhardt,5
TP:2026170,Repatha,5
TP:2030096,Benjamin Breyer,5
TP:2030279,ascension of Jesus,5
TP:2030774,Gordon Quan,5
TP:2030095,scrotum,5
TP:2030097,Viktor Flores,5
TP:2030094,varicoceles,5
TP:2030823,Blake Ashby,5
TP:2030944,Jennifer Knox,5
TP:2022430,Elora Mukherjee,5
TP:2029631,Albert White,5
TP:2031108,Morgan Toney,5
TP:2022216,Bradley Smart,5
TP:2030027,Malissa Wood,5
TP:2029632,Tariq Tucker,5
TP:2030713,Sara Hogan,5
TP:2030929,Brian Anthony Moreland,5
TP:2030335,Avery Tomek,5
TP:2027316,Erik Stocklin,4
TP:2029133,Joe Russo's Almost Dead,4
TP:2030121,Maria Johnson,4
TP:2030688,Andrea Scherz,4
TP:2030482,James Ward (pastor),4
TP:2031128,Brittany Wallace,4
TP:2031130,Homicide Detective,4
TP:2022725,Arvell Reese,4
TP:2022462,Beth Knobbe,4
TP:2030806,Havana Rose Liu,4
TP:2030910,Bruce Leff,4
TP:2030670,John Ashworth,4
TP:2030035,Joseph Disa,4
TP:2030884,Brandon Ocampo,4
TP:2031056,Chaz Molder,4
TP:2030860,WWE Clash in Italy,4
TP:2030908,Michael Ortner,4
TP:2028515,Paid Leave for All,4
TP:2030911,Harman Gill,4
TP:2031151,Sheri Strahl,4
TP:2031054,David M. Beckmann,4
TP:2025892,Party Pupils,4
TP:2030023,Mike Beatey,4
TP:2029381,Cole Tomas Allen,4
TP:2030020,Violet Jira,4
TP:2030686,Amber Smith,4
TP:2030483,Loran Livingston,4
TP:2031129,Family Advocacy,4
TP:2028685,The Testaments (series),4
TP:2030730,Nolan McCaskill,4
TP:2031063,Jason Liebig,4
TP:2031229,Jake Etheridge,4
TP:2031159,Jesse and Noah,4
TP:2030553,Jordan Ranaan,4
TP:2031083,soul music,4
TP:2031190,Marc Leepson,4
TP:2031237,Ani Chkhikvadze,4
TP:2030542,Midnight North,4
TP:2030777,Hannah Puder,4
TP:2031065,James David Manning,4
TP:2030805,Daniel Roher,4
TP:2030043,NCAA Golf Regionals,4
TP:2030467,George Floyd Justice in Policing Act,4
TP:2022139,Ramzi Kassem,4
TP:2031142,The Po Ramblin’ Boys,4
TP:2030441,brain fog,4
TP:2030583,Yohandy Morales,4
TP:2022937,Kristi Cook,4
TP:2030442,Chris Trondsen,4
TP:2030021,turnover,4
TP:2031184,Terry Littlefield,4
TP:2031112,Francis Caracciolo,4
TP:2030044,Josh Kim,4
TP:2030753,bridge repair,4
TP:2029499,Addison Hayes,4
TP:2031183,Fritz Littlefield,4
TP:2030764,Afrikaners,4
TP:2021872,Meghan Reed,4
TP:2031150,Russell Andrews,4
TP:2026561,Liban Mohamed,4
TP:2031186,Tina Marie Geiger,4
TP:2031113,Institute for Ethics and Emerging Technologies,4
TP:2031064,Sarah Szanton,4
TP:2031030,Edict of Milan,4
TP:2031181,Chris Bentsen,4
TP:2031110,Dignity,4
TP:2030039,Randy Villegas,4
TP:2031149,George Koch,4
TP:2031111,Eucharistic Miracle,4
TP:2030031,Ignatius of Laconi,4
TP:2030763,Renita Francois,4
TP:2031180,Kevin Beckett,4
TP:2030631,juice,4
TP:2028298,Haiti men's national football team,4
TP:2031148,Native American Graves Protection and Repatriation Act,4
TP:2031179,Garrett Callahan,4
TP:2031185,Tim Kotalik,4
TP:2030037,Deepika Chopra,4
TP:2030045,Kevin Rhoads,4
TP:2022914,Jesse Mills,4
TP:2030609,Tony Mansolino,4
TP:2022962,Emmett Johnson,4
TP:2021747,Tyneadrian Fleming,4
TP:2030892,Andoni Iraola,4
TP:2021885,RealClearPolitics,4
TP:2030508,Chris Meeks,4
TP:2030890,idle time,4
TP:2030190,Raffi Bilek,4
TP:2030628,Forte Catholic Podcast,4
TP:2030107,Jeff Kiddie,4
TP:2030987,Edmund Barrett,4
TP:2030124,John Allen,4
TP:2030067,Russell Muirhead,4
TP:2028320,Morocco men's national football team,4
TP:2030244,Erick Kutter,4
TP:2030633,Jillian Kaye (RDN),4
TP:2030986,Tech Use,4
TP:2029967,John Cena Classic,4
TP:2021029,David Lascher,4
TP:2030253,Joseph Uscinski,4
TP:2031133,Family Investigation,4
TP:2031029,fruitful,4
TP:2030812,Fernanda Psihas,4
TP:2031137,Profiling,4
TP:2030277,Crybabies,4
TP:2029901,Eric Morris,4
TP:2030119,Louis Tobergte,4
TP:2023864,red meat,4
TP:2030278,Gino Washington,4
TP:2031031,Cynthia Psencik,4
TP:2024709,Morgan Stewart,4
TP:2030672,Goat Hill Park,4
TP:2021266,audiology,4
TP:2030642,DJ Shin,4
TP:2030176,Needoh,4
TP:2030291,Omari Sankofa,4
TP:2030242,Austin Warren,4
TP:2030151,stillness,4
TP:2031182,Rick Marten,4
TP:2030211,Brian Miller,4
TP:2030288,Shango Blake,4
TP:2029320,Ashwyn Singh,4
TP:2030229,Liane Davey,4
TP:2030685,Attitude Era,4
TP:2030630,Taylor Schroll,4
TP:2030156,Catholic art,4
TP:2030538,Gary Bauchs,4
TP:2030235,malik nabors,4
TP:2030145,Centering Prayer,4
TP:2030209,Florence Dore,4
TP:2030177,Joshua Brown,4
TP:2030221,Trump Phone,4
TP:2030406,EPL Title,4
TP:2031187,Esten Weber,4
TP:2030219,Rachael Stoeltje,4
TP:2030629,Playfulness,4
TP:2030142,Christ is Lower Still,4
TP:2030443,Gerard Clarke,4
TP:2030321,Derek Griffith,4
TP:2022220,Lord Cognito,4
TP:2030155,Maria Faustina Kowalska,4
TP:2029720,Louis Tylka,4
TP:2026564,Kevin Walling,4
TP:2030586,Katherine Wilkinson,4
TP:2030153,Pope Boniface IV,4
TP:2030394,Antonia Chen,4
TP:2030237,Peregrine Fletcher,4
TP:2030847,Chiseled Adonis,4
TP:2028831,Rebecca Novack,4
TP:2021449,Greg Dolezal,4
TP:2030405,Philip Poole,4
TP:2030227,Cherolle Prince,4
TP:2030139,Sanctuary Mental Health Ministries,4
TP:2030220,Eric Litke,4
TP:2021280,masking (behavior),4
TP:2030210,Western Schism,4
TP:2021432,Send Help (film),4
TP:2030238,Y'Lan Noel,4
TP:2030232,Talmud,4
TP:2030340,high-sensitivity C-reactive protein,4
TP:2030404,AC Boise,4
TP:2030307,Derek Grasty,4
TP:2030024,Alan Alberto,4
TP:2030116,Zain Chagla,4
TP:2030146,Louisa Levy,4
TP:2030143,Take It Easy,4
TP:2030448,pacifism,4
TP:2030788,Germanus of Paris,4
TP:2030157,Amber Knorr,4
TP:2030523,Billy Ballew,4
TP:2022840,Alissa Bennett,4
TP:2026571,Mysterion the Mind Reader,4
TP:2030772,Laurie Kuslansky,4
TP:2029568,Miranda Yaver,4
TP:2030846,Ross the Chosen One,4
TP:2030446,Catholic Pacifist: The Long and Lonely Quest of Gordon Zahn,4
TP:2030717,Melisa Moore,4
TP:2030632,X-Rays,4
TP:2030724,Papal encylical,4
TP:2030790,Greg Wasinski,4
TP:2030680,recidivism,4
TP:2030314,Mauricio Mejia,4
TP:2030444,Council of Nicaea,4
TP:2028995,Kwanza Jones,4
TP:2030447,Gordon Zahn,4
TP:2030115,Louis Levy,4
TP:2030567,Pegah Ghafoori,4
TP:2030651,Mike Wiser,4
TP:2030033,Samantha Kelley (founder FIERCE),4
TP:2030787,Wars of the Roses,4
TP:2022170,Clay Street Unit,4
TP:2030328,Richard Giovane,4
TP:2021408,Katie Simpson,4
TP:2030501,Dan Miraldi,4
TP:2030674,dangerous behavior,4
TP:2024234,Everton Blair,4
TP:2030403,Zdislava of Lemberk,4
TP:2030101,Chris Storm,4
TP:2029223,Joey Dardano,4
TP:2025743,inner peace,4
TP:2030471,Susan Ottaviano,4
TP:2030074,trading cards,4
TP:2030861,Ariane Andrew,4
TP:2030407,Phyllis Zagano,4
TP:2030699,E-Types,4
TP:2030439,deep plane facelift,4
TP:2029237,Jasmeet Raina,4
TP:2029129,Benjamin Peters (theology professor),4
TP:2030472,Ted Ottaviano,4
TP:2028210,Jean Pierre de Caussade,4
TP:2030796,Ava Everett,4
TP:2030664,Scott Hurd,4
TP:2030786,Margaret Pole,4
TP:2031053,Democratic Congressional Campaign Committee,4
TP:2030729,Molly Weston Williamson,4
TP:2030468,Jessica Killin,4
TP:2029983,Effie Phillips-Staley,4
TP:2030294,Brandon Otto,4
TP:2030056,Fantasy Sports 101,4
TP:2022219,MrMattyPlays,4
TP:2030795,TayJay,4
TP:2030857,Jules Peters,4
TP:2030088,Anchor,4
TP:2030440,Payal Kohli,4
TP:2030445,St. Bernadine of Siena,4
TP:2030679,Kerwin Pittman,4
TP:2030792,Julia Hladkowicz,4
TP:2030254,Charles Martineau,4
TP:2030551,Miabelle,4
TP:2031124,Courtroom,4
TP:2028947,CJ Perry,4
TP:2030773,Maine Senate Race,4
TP:2031123,Prosecution,4
TP:2029826,Anoushka Mutanda-Dougherty,4
TP:2030502,Amrith Ramkumar,4
TP:2030698,Mike Pedicin,4
TP:2030627,Imra Jones,4
TP:2030382,Theo Baker,4
TP:2031147,National Taxpayer Union Foundation,4
TP:2030087,Catherine DiNuzzo,4
TP:2030552,Seth Barron,4
TP:2030697,Frankie Bates,4
TP:2030963,picket fence,4
TP:2029961,Jason G. Green,4
TP:2031057,pay raise,4
TP:2030784,Benoit Denizet Lewis,4
TP:2024101,Kate Lavrentios,4
TP:2031011,Lindsey Moses,4
TP:2025518,Andrew Guthrie Ferguson,4
TP:2028365,Scott Burgess,4
TP:2030962,Danielle Paquette,4
TP:2030608,Belmont Cameli,4
TP:2031114,Steven Umbrello,4
TP:2030030,Harbor,4
TP:2029578,Henrik Rydstrom,4
TP:2030384,Hermanos Espinoza,4
TP:2030681,universal basic income,4
TP:2030475,fuel octane,4
TP:2021265,cochlear concussions,4
TP:2030249,Cara Drinan,4
TP:2030120,Kathy Dempsey,4
TP:2029168,Dan McClellan,4
TP:2030783,Stanley Simmons,4
TP:2030701,papal encyclical,4
TP:2030665,Enhanced Games,4
TP:2030449,Sal Bardo,4
TP:2030345,Roberto Pineda Sanchez,4
TP:2021691,Nancy Guthrie,4
TP:2030493,Robert Blevins,3
TP:2028775,Richard McPherson,3
TP:2030662,Liz Duff,3
TP:2030887,Isabel Klee,3
TP:2022751,sanctuary cities,3
TP:2030562,The City Surfers,3
TP:2024043,Julie Amacher,3
TP:2030894,Kirk Offel,3
TP:2030466,Tim Stiefler,3
TP:2029095,femicide,3
TP:2031158,Adam Yenser,3
TP:2031231,Chancee Lundy,3
TP:2031209,Eddie Maple,3
TP:2031155,Theo DeRosa,3
TP:2030868,Brett Emmons,3
TP:2022896,Dan Nykolayko,3
TP:2031222,Antonio Senzatela,3
TP:2030585,Matthew Kelley,3
TP:2029940,Bob's Burgers (series),3
TP:2029500,Allyson Matney Neal,3
TP:2030927,Open Borders,3
TP:2030831,Chuck Garbedian,3
TP:2030997,March For Our Lives,3
TP:2030589,Esmerlyn Valdez,3
TP:2031234,Stanley Sheff,3
TP:2031082,Albert Nicaud,3
TP:2031208,Wes Orshoski,3
TP:2022870,Steve Bonta,3
TP:2031236,computer,3
TP:2030062,Leslie Prince (compliance systems),3
TP:2031245,Anuj Gupta,3
TP:2031025,Ben Lipari,3
TP:2031206,Tracy City,3
TP:2030132,Eric halterman,3
TP:2029475,misogynoir,3
TP:2031193,Cortez Smith,3
TP:2030734,Spencer Miles,3
TP:2022263,The Grass Roots,3
TP:2030742,speakezzy,3
TP:2031233,Doug Sanderson,3
TP:2031204,The McCoys,3
TP:2031221,AJ Gracia,3
TP:2022304,Jennifer Reid (psychiatrist),3
TP:2030741,Eric Esguerra,3
TP:2030858,Marshmellow,3
TP:2031235,Typewriter,3
TP:2030747,cultural jokes,3
TP:2030731,Peter Antico,3
TP:2030128,Victoria Cobb,3
TP:2031144,Sour Ops,3
TP:2030748,Faraz Niafattah,3
TP:2031230,Southern Black Girls and Women's Consortium,3
TP:2031178,Brendan Philip,3
TP:2026507,Lauren Costabile,3
TP:2030740,Customer Services,3
TP:2030738,laundry,3
TP:2031154,zebby mathews,3
TP:2030739,services,3
TP:2031156,Masters Of The Universe,3
TP:2031006,Haley Skarupa,3
TP:2029175,Mark Guiney,3
TP:2031094,R. Missing,3
TP:2030737,Miele,3
TP:2031241,Prineha Narang,3
TP:2030348,Amar Campa Najjar,3
TP:2030982,DJ_Dave,3
TP:2030993,1791 Foundation,3
TP:2031227,Jeff Starkovich,3
TP:2030898,Man Raze,3
TP:2030844,Wednesday 13,3
TP:2023091,Guardian angel,3
TP:2031195,Floridays,3
TP:2031095,Amen Dunes,3
TP:2030991,Victoria Akyea,3
TP:2031081,Doug Sunseri,3
TP:2030837,"Dan Murphy, ESPN",3
TP:2030272,Kathy Boden Holland,3
TP:2030316,Harini Bhat,3
TP:2030289,Eric Booth Jr.,3
TP:2030990,Peter Churchbourne,3
TP:2030464,Tara Gereaux,3
TP:2030162,Pet Sounds (album),3
TP:2030273,R-Mean,3
TP:2030683,bodie,3
TP:2022020,Shilpi Khetarpal,3
TP:2030270,Fernanda Schiffer,3
TP:2030569,Dominic Harrison,3
TP:2030255,Mark Flanagan,3
TP:2023050,Alicia Robbins,3
TP:2030994,The Institute for Women's Health,3
TP:2030981,boy 2000,3
TP:2024105,Mark Evans (pastor),3
TP:2030826,Gerry McNamera,3
TP:2030985,Marco Damiani,3
TP:2022590,Honey Cone,3
TP:2022629,career counseling,3
TP:2021784,Peter Donolo,3
TP:2022392,Victoria Villarroel,3
TP:2029749,Eric Vincent,3
TP:2030166,Ann Wasson,3
TP:2030413,Natasha Calis,3
TP:2030336,Rhyan Ramirez,3
TP:2030065,Steve Dresner (reporter WTOP),3
TP:2030393,Tyler Robinson (Diesel Laptops),3
TP:2030417,Ben Kern,3
TP:2030421,denim,3
TP:2030607,Kaylee Bullen,3
TP:2030920,MEEK,3
TP:2030387,Roadblocks,3
TP:2030400,Chris Meek,3
TP:2031027,fortitude,3
TP:2030203,wall,3
TP:2022729,Boston Legacy FC,3
TP:2021578,Brandis Griffith Friedman,3
TP:2030175,Steven Offenbaker,3
TP:2030239,Jennifer Newsom,3
TP:2026882,John Trobough,3
TP:2030486,2026 Islamic Center of San Diego shooting,3
TP:2027627,Ike Reilly,3
TP:2030207,Matthew Hennessey,3
TP:2030605,Amanda Grace,3
TP:2030185,Juandalynn Givan,3
TP:2030423,Kiana Fitzgerald,3
TP:2028818,Dylan Loucks,3
TP:2030315,Chris Hook,3
TP:2030386,Joe Mathews,3
TP:2030174,Jonathan Shields,3
TP:2030804,General Services Administration,3
TP:2030661,Propeller One-Way Night Coach (film),3
TP:2030659,Steve Neilsen,3
TP:2030565,The Atlanta Rhythm Section,3
TP:2030337,Elizabeth of the Trinty,3
TP:2030781,The Jukeez,3
TP:2030588,Heriberto Hernandez,3
TP:2030179,J.D. Clark,3
TP:2029794,Kid Sistr,3
TP:2022391,Stassie Karanikolaou,3
TP:2030725,outdoors,3
TP:2030052,Ryan Chismark,3
TP:2030470,low income workers,3
TP:2029981,The Chophouse Band,3
TP:2030704,3RD WRLD,3
TP:2030875,Carson Bailey,3
TP:2030391,Ilya Denisenko,3
TP:2031040,The Kilans,3
TP:2030955,Karee Upendo,3
TP:2030494,The PRO,3
TP:2030537,eric hartman,3
TP:2030049,Zack Savitsky,3
TP:2021812,Mike Hurst,3
TP:2031047,Rob DiPietro,3
TP:2030477,NBA All-Rookie Team,3
TP:2023357,Rachel Kuehn,3
TP:2030874,Carson Bolemon,3
TP:2030587,Casey Viera,3
TP:2025144,Black Oak Arkansas,3
TP:2030051,National Women's Defense League,3
TP:2030802,Kat Daley,3
TP:2030129,Andreas Anastassakis,3
TP:2030966,Patrick Bacon,3
TP:2030666,Huwaida Arraf,3
TP:2030436,Joy Buie,3
TP:2031018,Adolfo Daniel Vallejo,3
TP:2030071,AJ Ewing,3
TP:2030465,Andrea Gunraj,3
TP:2031005,Foster Sylvers,3
TP:2030055,Anthony Martineau,3
TP:2030462,Carson Holloway,3
TP:2030451,LEMONSUCKR,3
TP:2030435,Sunmin Lee,3
TP:2030048,Emma Davidson Tribbs,3
TP:2030485,Institutional Shareholder Services,3
TP:2030398,Tiffany Stringer,3
TP:2030399,Catherine Kim,3
TP:2030852,Michel Paradis,3
TP:2029524,Jared Jones (golf),3
TP:2021415,Nadya Martinez,3
TP:2027372,Grady Emerson,3
